model_kmer,model_mean,model_stdv
AAAAA,108.9,2.68
AAAAC,107.75,2.68
AAAAG,101.72,2.68
AAAAT,112.77,2.68
AAACA,99.38,3.45
AAACC,100.0,3.45
AAACG,101.01,3.45
AAACT,106.91,3.45
AAAGA,110.54,4.06
AAAGC,107.69,4.06
AAAGG,108.29,4.06
AAAGT,108.73,4.06
AAATA,114.11,3.11
AAATC,112.2,3.11
AAATG,110.67,3.11
AAATT,115.98,3.11
AACAA,87.82,3.18
AACAC,89.76,3.18
AACAG,86.54,3.18
AACAT,87.88,3.18
AACCA,82.92,2.81
AACCC,84.52,2.81
AACCG,84.37,2.81
AACCT,84.27,2.81
AACGA,79.83,3.18
AACGC,80.65,3.18
AACGG,83.67,3.18
AACGT,80.07,3.18
AACTA,92.91,2.73
AACTC,92.39,2.73
AACTG,92.99,2.73
AACTT,92.87,2.73
AAGAA,122.14,5.87
AAGAC,121.03,5.87
AAGAG,122.1,5.87
AAGAT,124.17,5.87
AAGCA,107.34,3.02
AAGCC,102.84,3.02
AAGCG,109.95,3.02
AAGCT,110.98,3.02
AAGGA,114.01,7.84
AAGGC,115.2,7.84
AAGGG,113.12,7.84
AAGGT,115.61,7.84
AAGTA,119.31,4.03
AAGTC,114.94,4.03
AAGTG,117.29,4.03
AAGTT,119.41,4.03
AATAA,97.17,6.28
AATAC,102.58,6.28
AATAG,99.74,6.28
AATAT,99.12,6.28
AATCA,100.24,5.7
AATCC,103.25,5.7
AATCG,101.47,5.7
AATCT,101.61,5.7
AATGA,85.26,3.87
AATGC,81.8,3.87
AATGG,89.31,3.87
AATGT,82.19,3.87
AATTA,101.02,5.53
AATTC,101.9,5.53
AATTG,100.78,5.53
AATTT,100.95,5.53
ACAAA,82.45,3.02
ACAAC,80.96,3.02
ACAAG,78.46,3.02
ACAAT,84.13,3.02
ACACA,73.59,1.88
ACACC,72.16,1.88
ACACG,74.89,1.88
ACACT,77.76,1.88
ACAGA,96.56,5.09
ACAGC,87.79,5.09
ACAGG,84.2,5.09
ACAGT,91.62,5.09
ACATA,80.76,2.13
ACATC,78.74,2.13
ACATG,79.18,2.13
ACATT,84.22,2.13
ACCAA,74.58,2.11
ACCAC,73.95,2.11
ACCAG,72.33,2.11
ACCAT,74.74,2.11
ACCCA,66.3,2.07
ACCCC,66.66,2.07
ACCCG,67.21,2.07
ACCCT,68.1,2.07
ACCGA,82.82,2.78
ACCGC,77.16,2.78
ACCGG,76.54,2.78
ACCGT,77.73,2.78
ACCTA,69.02,2.35
ACCTC,69.47,2.35
ACCTG,70.75,2.35
ACCTT,72.21,2.35
ACGAA,85.74,3.99
ACGAC,85.84,3.99
ACGAG,84.3,3.99
ACGAT,87.51,3.99
ACGCA,76.33,2.6
ACGCC,74.77,2.6
ACGCG,77.12,2.6
ACGCT,79.97,2.6
ACGGA,96.56,4.98
ACGGC,85.58,4.98
ACGGG,83.39,4.98
ACGGT,89.18,4.98
ACGTA,101.5,3.05
ACGTC,78.18,3.05
ACGTG,78.19,3.05
ACGTT,82.52,3.05
ACTAA,86.71,2.63
ACTAC,86.58,2.63
ACTAG,86.1,2.63
ACTAT,86.6,2.63
ACTCA,81.85,2.85
ACTCC,80.74,2.85
ACTCG,80.88,2.85
ACTCT,83.72,2.85
ACTGA,93.41,2.85
ACTGC,86.11,2.85
ACTGG,87.12,2.85
ACTGT,87.17,2.85
ACTTA,77.86,2.42
ACTTC,80.34,2.42
ACTTG,80.1,2.42
ACTTT,82.38,2.42
AGAAA,128.13,5.56
AGAAC,128.77,5.56
AGAAG,123.66,5.56
AGAAT,129.86,5.56
AGACA,125.56,4.79
AGACC,125.6,4.79
AGACG,127.32,4.79
AGACT,129.81,4.79
AGAGA,127.71,5.69
AGAGC,128.62,5.69
AGAGG,123.33,5.69
AGAGT,128.25,5.69
AGATA,134.1,5.1
AGATC,134.08,5.1
AGATG,133.6,5.1
AGATT,136.89,5.1
AGCAA,115.2,3.86
AGCAC,117.19,3.86
AGCAG,112.17,3.86
AGCAT,114.89,3.86
AGCCA,109.32,3.29
AGCCC,111.18,3.29
AGCCG,109.95,3.29
AGCCT,111.21,3.29
AGCGA,105.69,8.39
AGCGC,110.34,8.39
AGCGG,106.83,8.39
AGCGT,107.96,8.39
AGCTA,117.18,3.55
AGCTC,118.06,3.55
AGCTG,117.44,3.55
AGCTT,118.19,3.55
AGGAA,117.46,3.17
AGGAC,115.92,3.17
AGGAG,116.69,3.17
AGGAT,120.37,3.17
AGGCA,109.74,5.31
AGGCC,109.16,5.31
AGGCG,112.24,5.31
AGGCT,120.31,5.31
AGGGA,115.88,4.05
AGGGC,116.4,4.05
AGGGG,113.61,4.05
AGGGT,117.28,4.05
AGGTA,119.51,3.37
AGGTC,116.55,3.37
AGGTG,117.25,3.37
AGGTT,121.11,3.37
AGTAA,123.3,8.56
AGTAC,128.3,8.56
AGTAG,122.89,8.56
AGTAT,124.93,8.56
AGTCA,122.59,6.07
AGTCC,125.2,6.07
AGTCG,122.92,6.07
AGTCT,125.26,6.07
AGTGA,100.01,9.69
AGTGC,110.68,9.69
AGTGG,111.73,9.69
AGTGT,105.15,9.69
AGTTA,118.77,7.49
AGTTC,123.87,7.49
AGTTG,121.11,7.49
AGTTT,124.34,7.49
ATAAA,86.59,3.04
ATAAC,85.4,3.04
ATAAG,82.49,3.04
ATAAT,89.36,3.04
ATACA,76.78,2.1
ATACC,74.69,2.1
ATACG,77.77,2.1
ATACT,81.8,2.1
ATAGA,103.91,3.78
ATAGC,91.22,3.78
ATAGG,85.79,3.78
ATAGT,93.79,3.78
ATATA,86.67,2.63
ATATC,83.15,2.63
ATATG,83.95,2.63
ATATT,90.49,2.63
ATCAA,78.88,2.3
ATCAC,78.57,2.3
ATCAG,76.74,2.3
ATCAT,79.2,2.3
ATCCA,70.23,2.3
ATCCC,70.32,2.3
ATCCG,71.19,2.3
ATCCT,73.54,2.3
ATCGA,84.43,2.3
ATCGC,79.59,2.3
ATCGG,79.89,2.3
ATCGT,80.62,2.3
ATCTA,76.67,2.07
ATCTC,76.56,2.07
ATCTG,77.11,2.07
ATCTT,78.87,2.07
ATGAA,94.58,4.49
ATGAC,94.31,4.49
ATGAG,93.1,4.49
ATGAT,97.78,4.49
ATGCA,84.45,3.13
ATGCC,79.66,3.13
ATGCG,83.14,3.13
ATGCT,86.67,3.13
ATGGA,100.76,3.99
ATGGC,94.08,3.99
ATGGG,92.94,3.99
ATGGT,96.35,3.99
ATGTA,88.61,3.78
ATGTC,85.93,3.78
ATGTG,87.08,3.78
ATGTT,89.59,3.78
ATTAA,85.3,2.46
ATTAC,85.21,2.46
ATTAG,84.56,2.46
ATTAT,85.44,2.46
ATTCA,78.44,2.07
ATTCC,78.05,2.07
ATTCG,78.54,2.07
ATTCT,81.64,2.07
ATTGA,90.37,2.65
ATTGC,83.88,2.65
ATTGG,86.04,2.65
ATTGT,85.12,2.65
ATTTA,77.58,1.97
ATTTC,78.37,1.97
ATTTG,79.1,1.97
ATTTT,81.16,1.97
CAAAA,105.72,2.68
CAAAC,104.22,2.68
CAAAG,103.0,2.68
CAAAT,110.07,2.68
CAACA,91.38,3.45
CAACC,89.37,3.45
CAACG,91.91,3.45
CAACT,96.11,3.45
CAAGA,110.39,4.06
CAAGC,102.91,4.06
CAAGG,106.17,4.06
CAAGT,105.12,4.06
CAATA,109.26,3.11
CAATC,106.21,3.11
CAATG,102.74,3.11
CAATT,108.91,3.11
CACAA,81.77,3.18
CACAC,81.04,3.18
CACAG,81.43,3.18
CACAT,81.25,3.18
CACCA,75.53,2.81
CACCC,75.11,2.81
CACCG,76.38,2.81
CACCT,75.57,2.81
CACGA,78.73,3.18
CACGC,78.14,3.18
CACGG,79.72,3.18
CACGT,80.28,3.18
CACTA,86.86,2.73
CACTC,85.31,2.73
CACTG,85.74,2.73
CACTT,85.07,2.73
CAGAA,108.6,5.87
CAGAC,107.09,5.87
CAGAG,106.73,5.87
CAGAT,112.38,5.87
CAGCA,108.25,3.02
CAGCC,103.97,3.02
CAGCG,109.19,3.02
CAGCT,112.05,3.02
CAGGA,98.38,7.84
CAGGC,114.13,7.84
CAGGG,89.17,7.84
CAGGT,115.66,7.84
CAGTA,123.5,4.03
CAGTC,118.3,4.03
CAGTG,119.53,4.03
CAGTT,122.77,4.03
CATAA,89.9,6.28
CATAC,90.48,6.28
CATAG,91.26,6.28
CATAT,89.58,6.28
CATCA,87.17,5.7
CATCC,87.39,5.7
CATCG,88.22,5.7
CATCT,88.36,5.7
CATGA,84.29,3.87
CATGC,78.23,3.87
CATGG,85.73,3.87
CATGT,79.73,3.87
CATTA,90.58,5.53
CATTC,89.92,5.53
CATTG,90.61,5.53
CATTT,89.28,5.53
CCAAA,87.19,3.02
CCAAC,85.16,3.02
CCAAG,86.1,3.02
CCAAT,89.46,3.02
CCACA,75.6,1.88
CCACC,72.58,1.88
CCACG,75.29,1.88
CCACT,77.89,1.88
CCAGA,76.22,5.09
CCAGC,92.88,5.09
CCAGG,91.8,5.09
CCAGT,96.02,5.09
CCATA,86.44,2.13
CCATC,83.88,2.13
CCATG,82.78,2.13
CCATT,87.39,2.13
CCCAA,73.43,2.11
CCCAC,70.73,2.11
CCCAG,71.95,2.11
CCCAT,73.36,2.11
CCCCA,62.97,2.07
CCCCC,62.48,2.07
CCCCG,63.75,2.07
CCCCT,64.58,2.07
CCCGA,83.92,2.78
CCCGC,76.79,2.78
CCCGG,78.03,2.78
CCCGT,78.01,2.78
CCCTA,69.67,2.35
CCCTC,68.73,2.35
CCCTG,71.64,2.35
CCCTT,70.58,2.35
CCGAA,97.55,3.99
CCGAC,96.66,3.99
CCGAG,95.86,3.99
CCGAT,100.63,3.99
CCGCA,87.11,2.6
CCGCC,84.08,2.6
CCGCG,87.09,2.6
CCGCT,89.39,2.6
CCGGA,106.16,4.98
CCGGC,95.13,4.98
CCGGG,92.99,4.98
CCGGT,98.1,4.98
CCGTA,92.47,3.05
CCGTC,89.27,3.05
CCGTG,90.05,3.05
CCGTT,92.47,3.05
CCTAA,82.46,2.63
CCTAC,79.05,2.63
CCTAG,83.95,2.63
CCTAT,82.63,2.63
CCTCA,74.24,2.85
CCTCC,72.35,2.85
CCTCG,75.01,2.85
CCTCT,75.31,2.85
CCTGA,94.04,2.85
CCTGC,84.2,2.85
CCTGG,88.24,2.85
CCTGT,86.87,2.85
CCTTA,75.8,2.42
CCTTC,75.32,2.42
CCTTG,77.66,2.42
CCTTT,76.37,2.42
CGAAA,112.59,5.56
CGAAC,111.47,5.56
CGAAG,109.77,5.56
CGAAT,115.65,5.56
CGACA,109.27,4.79
CGACC,110.09,4.79
CGACG,110.92,4.79
CGACT,113.97,4.79
CGAGA,116.16,5.69
CGAGC,110.68,5.69
CGAGG,111.04,5.69
CGAGT,112.74,5.69
CGATA,117.34,5.1
CGATC,117.72,5.1
CGATG,114.13,5.1
CGATT,120.28,5.1
CGCAA,99.45,3.86
CGCAC,101.88,3.86
CGCAG,97.16,3.86
CGCAT,99.57,3.86
CGCCA,94.99,3.29
CGCCC,96.31,3.29
CGCCG,95.61,3.29
CGCCT,96.76,3.29
CGCGA,90.74,8.39
CGCGC,90.61,8.39
CGCGG,92.98,8.39
CGCGT,90.72,8.39
CGCTA,102.06,3.55
CGCTC,102.45,3.55
CGCTG,101.74,3.55
CGCTT,102.11,3.55
CGGAA,123.97,3.17
CGGAC,120.9,3.17
CGGAG,122.92,3.17
CGGAT,128.82,3.17
CGGCA,106.6,5.31
CGGCC,103.67,5.31
CGGCG,107.83,5.31
CGGCT,110.54,5.31
CGGGA,115.56,4.05
CGGGC,113.74,4.05
CGGGG,112.66,4.05
CGGGT,113.91,4.05
CGGTA,121.85,3.37
CGGTC,117.18,3.37
CGGTG,117.99,3.37
CGGTT,120.77,3.37
CGTAA,98.86,8.56
CGTAC,102.95,8.56
CGTAG,98.64,8.56
CGTAT,101.57,8.56
CGTCA,99.9,6.07
CGTCC,102.21,6.07
CGTCG,100.2,6.07
CGTCT,102.03,6.07
CGTGA,93.87,9.69
CGTGC,89.89,9.69
CGTGG,94.81,9.69
CGTGT,91.66,9.69
CGTTA,98.21,7.49
CGTTC,100.91,7.49
CGTTG,97.81,7.49
CGTTT,99.9,7.49
CTAAA,94.0,3.04
CTAAC,91.5,3.04
CTAAG,91.48,3.04
CTAAT,96.7,3.04
CTACA,80.29,2.1
CTACC,76.5,2.1
CTACG,80.58,2.1
CTACT,83.47,2.1
CTAGA,107.08,3.78
CTAGC,97.3,3.78
CTAGG,96.48,3.78
CTAGT,99.59,3.78
CTATA,94.69,2.63
CTATC,91.53,2.63
CTATG,90.28,2.63
CTATT,95.55,2.63
CTCAA,79.13,2.3
CTCAC,76.73,2.3
CTCAG,77.48,2.3
CTCAT,79.74,2.3
CTCCA,69.76,2.3
CTCCC,67.63,2.3
CTCCG,70.39,2.3
CTCCT,71.32,2.3
CTCGA,86.23,2.3
CTCGC,79.79,2.3
CTCGG,82.39,2.3
CTCGT,81.94,2.3
CTCTA,79.85,2.07
CTCTC,77.34,2.07
CTCTG,79.0,2.07
CTCTT,79.01,2.07
CTGAA,107.93,4.49
CTGAC,107.16,4.49
CTGAG,106.04,4.49
CTGAT,111.64,4.49
CTGCA,94.88,3.13
CTGCC,90.93,3.13
CTGCG,94.04,3.13
CTGCT,96.87,3.13
CTGGA,108.35,3.99
CTGGC,102.61,3.99
CTGGG,101.64,3.99
CTGGT,105.22,3.99
CTGTA,102.06,3.78
CTGTC,98.48,3.78
CTGTG,99.73,3.78
CTGTT,102.18,3.78
CTTAA,84.32,2.46
CTTAC,81.76,2.46
CTTAG,85.06,2.46
CTTAT,84.65,2.46
CTTCA,77.66,2.07
CTTCC,74.22,2.07
CTTCG,78.03,2.07
CTTCT,78.04,2.07
CTTGA,91.8,2.65
CTTGC,84.55,2.65
CTTGG,88.3,2.65
CTTGT,86.77,2.65
CTTTA,79.44,1.97
CTTTC,77.72,1.97
CTTTG,80.36,1.97
CTTTT,79.71,1.97
GAAAA,106.42,2.68
GAAAC,105.92,2.68
GAAAG,103.81,2.68
GAAAT,111.12,2.68
GAACA,95.52,3.45
GAACC,94.7,3.45
GAACG,96.74,3.45
GAACT,100.79,3.45
GAAGA,105.36,4.06
GAAGC,100.44,4.06
GAAGG,105.26,4.06
GAAGT,103.99,4.06
GAATA,111.54,3.11
GAATC,109.54,3.11
GAATG,107.51,3.11
GAATT,112.11,3.11
GACAA,80.85,3.18
GACAC,84.44,3.18
GACAG,80.99,3.18
GACAT,82.61,3.18
GACCA,79.02,2.81
GACCC,79.18,2.81
GACCG,79.37,2.81
GACCT,79.9,2.81
GACGA,75.7,3.18
GACGC,73.05,3.18
GACGG,77.57,3.18
GACGT,75.25,3.18
GACTA,90.24,2.73
GACTC,88.67,2.73
GACTG,88.63,2.73
GACTT,89.12,2.73
GAGAA,125.76,5.87
GAGAC,123.32,5.87
GAGAG,124.52,5.87
GAGAT,130.18,5.87
GAGCA,107.01,3.02
GAGCC,103.08,3.02
GAGCG,109.62,3.02
GAGCT,112.01,3.02
GAGGA,112.67,7.84
GAGGC,113.94,7.84
GAGGG,115.25,7.84
GAGGT,112.28,7.84
GAGTA,123.38,4.03
GAGTC,117.52,4.03
GAGTG,120.91,4.03
GAGTT,123.9,4.03
GATAA,88.34,6.28
GATAC,94.91,6.28
GATAG,90.96,6.28
GATAT,88.95,6.28
GATCA,93.45,5.7
GATCC,95.14,5.7
GATCG,95.15,5.7
GATCT,95.38,5.7
GATGA,79.44,3.87
GATGC,75.42,3.87
GATGG,82.94,3.87
GATGT,76.84,3.87
GATTA,96.01,5.53
GATTC,96.04,5.53
GATTG,96.1,5.53
GATTT,94.71,5.53
GCAAA,84.46,3.02
GCAAC,82.48,3.02
GCAAG,81.86,3.02
GCAAT,86.3,3.02
GCACA,73.15,1.88
GCACC,70.72,1.88
GCACG,73.84,1.88
GCACT,77.18,1.88
GCAGA,99.93,5.09
GCAGC,89.55,5.09
GCAGG,87.86,5.09
GCAGT,91.46,5.09
GCATA,82.81,2.13
GCATC,80.54,2.13
GCATG,80.71,2.13
GCATT,85.12,2.13
GCCAA,73.26,2.11
GCCAC,71.67,2.11
GCCAG,71.08,2.11
GCCAT,73.7,2.11
GCCCA,64.63,2.07
GCCCC,64.85,2.07
GCCCG,65.64,2.07
GCCCT,66.35,2.07
GCCGA,81.39,2.78
GCCGC,76.26,2.78
GCCGG,75.73,2.78
GCCGT,76.98,2.78
GCCTA,68.43,2.35
GCCTC,67.99,2.35
GCCTG,69.96,2.35
GCCTT,70.99,2.35
GCGAA,92.59,3.99
GCGAC,91.21,3.99
GCGAG,90.14,3.99
GCGAT,95.9,3.99
GCGCA,80.89,2.6
GCGCC,78.75,2.6
GCGCG,80.59,2.6
GCGCT,83.21,2.6
GCGGA,100.67,4.98
GCGGC,90.29,4.98
GCGGG,87.6,4.98
GCGGT,92.74,4.98
GCGTA,84.85,3.05
GCGTC,82.78,3.05
GCGTG,83.37,3.05
GCGTT,86.64,3.05
GCTAA,84.4,2.63
GCTAC,85.34,2.63
GCTAG,84.44,2.63
GCTAT,84.83,2.63
GCTCA,76.97,2.85
GCTCC,78.88,2.85
GCTCG,78.06,2.85
GCTCT,80.1,2.85
GCTGA,89.96,2.85
GCTGC,83.43,2.85
GCTGG,85.53,2.85
GCTGT,84.35,2.85
GCTTA,77.6,2.42
GCTTC,77.98,2.42
GCTTG,79.57,2.42
GCTTT,80.14,2.42
GGAAA,121.47,5.56
GGAAC,121.88,5.56
GGAAG,115.76,5.56
GGAAT,123.5,5.56
GGACA,118.4,4.79
GGACC,119.23,4.79
GGACG,120.92,4.79
GGACT,123.83,4.79
GGAGA,119.43,5.69
GGAGC,121.19,5.69
GGAGG,114.43,5.69
GGAGT,117.27,5.69
GGATA,126.88,5.1
GGATC,127.17,5.1
GGATG,126.02,5.1
GGATT,129.83,5.1
GGCAA,108.94,3.86
GGCAC,111.25,3.86
GGCAG,105.66,3.86
GGCAT,109.07,3.86
GGCCA,103.13,3.29
GGCCC,105.11,3.29
GGCCG,104.04,3.29
GGCCT,105.48,3.29
GGCGA,92.44,8.39
GGCGC,100.1,8.39
GGCGG,98.79,8.39
GGCGT,95.66,8.39
GGCTA,110.69,3.55
GGCTC,111.33,3.55
GGCTG,111.28,3.55
GGCTT,112.47,3.55
GGGAA,120.77,3.17
GGGAC,118.29,3.17
GGGAG,120.29,3.17
GGGAT,124.02,3.17
GGGCA,106.36,5.31
GGGCC,104.1,5.31
GGGCG,108.23,5.31
GGGCT,113.28,5.31
GGGGA,114.8,4.05
GGGGC,113.92,4.05
GGGGG,110.71,4.05
GGGGT,113.9,4.05
GGGTA,119.34,3.37
GGGTC,114.73,3.37
GGGTG,115.9,3.37
GGGTT,119.33,3.37
GGTAA,113.29,8.56
GGTAC,118.69,8.56
GGTAG,107.54,8.56
GGTAT,114.71,8.56
GGTCA,112.91,6.07
GGTCC,116.09,6.07
GGTCG,115.68,6.07
GGTCT,117.09,6.07
GGTGA,94.59,9.69
GGTGC,93.69,9.69
GGTGG,99.47,9.69
GGTGT,93.04,9.69
GGTTA,109.62,7.49
GGTTC,114.37,7.49
GGTTG,109.94,7.49
GGTTT,112.5,7.49
GTAAA,88.78,3.04
GTAAC,87.41,3.04
GTAAG,85.91,3.04
GTAAT,91.85,3.04
GTACA,76.34,2.1
GTACC,73.99,2.1
GTACG,77.41,2.1
GTACT,81.13,2.1
GTAGA,102.41,3.78
GTAGC,92.91,3.78
GTAGG,113.51,3.78
GTAGT,93.94,3.78
GTATA,89.66,2.63
GTATC,87.0,2.63
GTATG,86.71,2.63
GTATT,91.86,2.63
GTCAA,77.56,2.3
GTCAC,76.2,2.3
GTCAG,75.63,2.3
GTCAT,78.48,2.3
GTCCA,68.75,2.3
GTCCC,68.27,2.3
GTCCG,69.69,2.3
GTCCT,70.25,2.3
GTCGA,83.26,2.3
GTCGC,78.62,2.3
GTCGG,79.12,2.3
GTCGT,79.78,2.3
GTCTA,77.22,2.07
GTCTC,76.09,2.07
GTCTG,77.44,2.07
GTCTT,77.91,2.07
GTGAA,101.5,4.49
GTGAC,99.69,4.49
GTGAG,99.33,4.49
GTGAT,105.22,4.49
GTGCA,87.07,3.13
GTGCC,83.63,3.13
GTGCG,87.12,3.13
GTGCT,90.01,3.13
GTGGA,103.6,3.99
GTGGC,96.91,3.99
GTGGG,94.43,3.99
GTGGT,98.9,3.99
GTGTA,93.81,3.78
GTGTC,90.41,3.78
GTGTG,90.87,3.78
GTGTT,95.08,3.78
GTTAA,83.14,2.46
GTTAC,82.19,2.46
GTTAG,82.23,2.46
GTTAT,83.69,2.46
GTTCA,76.78,2.07
GTTCC,75.95,2.07
GTTCG,76.91,2.07
GTTCT,77.38,2.07
GTTGA,88.48,2.65
GTTGC,81.95,2.65
GTTGG,84.7,2.65
GTTGT,83.62,2.65
GTTTA,77.98,1.97
GTTTC,77.61,1.97
GTTTG,78.97,1.97
GTTTT,78.7,1.97
NNNNN,0.0,0.0
TAAAA,104.53,2.68
TAAAC,103.45,2.68
TAAAG,102.28,2.68
TAAAT,108.51,2.68
TAACA,93.83,3.45
TAACC,93.34,3.45
TAACG,95.3,3.45
TAACT,99.07,3.45
TAAGA,107.76,4.06
TAAGC,101.58,4.06
TAAGG,103.92,4.06
TAAGT,104.1,4.06
TAATA,108.46,3.11
TAATC,106.55,3.11
TAATG,104.66,3.11
TAATT,109.83,3.11
TACAA,83.04,3.18
TACAC,84.22,3.18
TACAG,79.55,3.18
TACAT,83.15,3.18
TACCA,77.84,2.81
TACCC,78.84,2.81
TACCG,78.27,2.81
TACCT,79.02,2.81
TACGA,79.56,3.18
TACGC,78.11,3.18
TACGG,80.13,3.18
TACGT,79.24,3.18
TACTA,87.98,2.73
TACTC,87.81,2.73
TACTG,87.79,2.73
TACTT,88.1,2.73
TAGAA,122.17,5.87
TAGAC,120.42,5.87
TAGAG,121.13,5.87
TAGAT,126.66,5.87
TAGCA,105.36,3.02
TAGCC,101.17,3.02
TAGCG,105.73,3.02
TAGCT,109.43,3.02
TAGGA,100.23,7.84
TAGGC,93.67,7.84
TAGGG,89.44,7.84
TAGGT,96.83,7.84
TAGTA,118.82,4.03
TAGTC,113.73,4.03
TAGTG,115.89,4.03
TAGTT,118.67,4.03
TATAA,92.84,6.28
TATAC,95.09,6.28
TATAG,92.78,6.28
TATAT,93.55,6.28
TATCA,92.76,5.7
TATCC,94.26,5.7
TATCG,94.1,5.7
TATCT,94.81,5.7
TATGA,82.98,3.87
TATGC,78.95,3.87
TATGG,86.36,3.87
TATGT,80.2,3.87
TATTA,94.35,5.53
TATTC,95.06,5.53
TATTG,94.79,5.53
TATTT,94.78,5.53
TCAAA,87.61,3.02
TCAAC,85.79,3.02
TCAAG,85.7,3.02
TCAAT,89.2,3.02
TCACA,75.59,1.88
TCACC,74.44,1.88
TCACG,75.82,1.88
TCACT,79.43,1.88
TCAGA,100.98,5.09
TCAGC,90.48,5.09
TCAGG,89.11,5.09
TCAGT,93.14,5.09
TCATA,87.27,2.13
TCATC,85.07,2.13
TCATG,83.81,2.13
TCATT,88.36,2.13
TCCAA,74.33,2.11
TCCAC,72.87,2.11
TCCAG,72.52,2.11
TCCAT,74.37,2.11
TCCCA,64.83,2.07
TCCCC,64.94,2.07
TCCCG,65.58,2.07
TCCCT,66.26,2.07
TCCGA,81.88,2.78
TCCGC,76.6,2.78
TCCGG,76.57,2.78
TCCGT,77.04,2.78
TCCTA,70.14,2.35
TCCTC,70.83,2.35
TCCTG,71.64,2.35
TCCTT,73.28,2.35
TCGAA,96.87,3.99
TCGAC,96.27,3.99
TCGAG,94.81,3.99
TCGAT,99.04,3.99
TCGCA,87.17,2.6
TCGCC,84.43,2.6
TCGCG,86.83,2.6
TCGCT,88.71,2.6
TCGGA,102.03,4.98
TCGGC,92.92,4.98
TCGGG,90.95,4.98
TCGGT,95.29,4.98
TCGTA,91.75,3.05
TCGTC,89.2,3.05
TCGTG,89.97,3.05
TCGTT,92.1,3.05
TCTAA,84.15,2.63
TCTAC,83.06,2.63
TCTAG,84.05,2.63
TCTAT,83.97,2.63
TCTCA,76.05,2.85
TCTCC,75.36,2.85
TCTCG,78.42,2.85
TCTCT,79.44,2.85
TCTGA,91.37,2.85
TCTGC,83.9,2.85
TCTGG,86.5,2.85
TCTGT,84.95,2.85
TCTTA,77.86,2.42
TCTTC,76.97,2.42
TCTTG,80.89,2.42
TCTTT,80.39,2.42
TGAAA,118.11,5.56
TGAAC,118.66,5.56
TGAAG,114.75,5.56
TGAAT,120.76,5.56
TGACA,117.05,4.79
TGACC,118.44,4.79
TGACG,118.74,4.79
TGACT,121.9,4.79
TGAGA,117.69,5.69
TGAGC,117.86,5.69
TGAGG,114.26,5.69
TGAGT,116.26,5.69
TGATA,124.24,5.1
TGATC,124.55,5.1
TGATG,123.13,5.1
TGATT,127.73,5.1
TGCAA,106.02,3.86
TGCAC,108.56,3.86
TGCAG,103.32,3.86
TGCAT,106.11,3.86
TGCCA,101.35,3.29
TGCCC,102.95,3.29
TGCCG,102.07,3.29
TGCCT,102.97,3.29
TGCGA,94.55,8.39
TGCGC,98.58,8.39
TGCGG,98.67,8.39
TGCGT,96.64,8.39
TGCTA,107.94,3.55
TGCTC,108.76,3.55
TGCTG,108.07,3.55
TGCTT,109.23,3.55
TGGAA,120.39,3.17
TGGAC,118.05,3.17
TGGAG,120.17,3.17
TGGAT,125.17,3.17
TGGCA,104.83,5.31
TGGCC,103.76,5.31
TGGCG,107.59,5.31
TGGCT,108.63,5.31
TGGGA,113.62,4.05
TGGGC,113.12,4.05
TGGGG,111.57,4.05
TGGGT,112.2,4.05
TGGTA,118.63,3.37
TGGTC,114.41,3.37
TGGTG,115.66,3.37
TGGTT,118.83,3.37
TGTAA,109.08,8.56
TGTAC,113.99,8.56
TGTAG,106.93,8.56
TGTAT,110.15,8.56
TGTCA,109.11,6.07
TGTCC,112.01,6.07
TGTCG,110.08,6.07
TGTCT,111.93,6.07
TGTGA,94.9,9.69
TGTGC,95.27,9.69
TGTGG,99.41,9.69
TGTGT,93.18,9.69
TGTTA,106.43,7.49
TGTTC,109.7,7.49
TGTTG,107.05,7.49
TGTTT,109.49,7.49
TTAAA,92.05,3.04
TTAAC,90.31,3.04
TTAAG,89.64,3.04
TTAAT,94.22,3.04
TTACA,79.88,2.1
TTACC,76.73,2.1
TTACG,80.27,2.1
TTACT,84.2,2.1
TTAGA,103.76,3.78
TTAGC,94.88,3.78
TTAGG,92.38,3.78
TTAGT,95.99,3.78
TTATA,93.29,2.63
TTATC,90.32,2.63
TTATG,89.8,2.63
TTATT,94.2,2.63
TTCAA,80.1,2.3
TTCAC,77.15,2.3
TTCAG,75.46,2.3
TTCAT,80.43,2.3
TTCCA,70.43,2.3
TTCCC,68.77,2.3
TTCCG,70.81,2.3
TTCCT,72.03,2.3
TTCGA,84.7,2.3
TTCGC,80.79,2.3
TTCGG,81.45,2.3
TTCGT,81.56,2.3
TTCTA,79.45,2.07
TTCTC,77.3,2.07
TTCTG,79.59,2.07
TTCTT,79.33,2.07
TTGAA,104.82,4.49
TTGAC,104.2,4.49
TTGAG,102.99,4.49
TTGAT,108.32,4.49
TTGCA,92.63,3.13
TTGCC,89.55,3.13
TTGCG,92.52,3.13
TTGCT,94.95,3.13
TTGGA,105.73,3.99
TTGGC,100.45,3.99
TTGGG,98.91,3.99
TTGGT,102.47,3.99
TTGTA,99.35,3.78
TTGTC,96.28,3.78
TTGTG,97.14,3.78
TTGTT,99.72,3.78
TTTAA,84.44,2.46
TTTAC,82.79,2.46
TTTAG,83.95,2.46
TTTAT,84.61,2.46
TTTCA,78.13,2.07
TTTCC,75.29,2.07
TTTCG,79.07,2.07
TTTCT,79.59,2.07
TTTGA,89.94,2.65
TTTGC,83.8,2.65
TTTGG,86.61,2.65
TTTGT,85.15,2.65
TTTTA,79.28,1.97
TTTTC,77.91,1.97
TTTTG,81.03,1.97
TTTTT,80.78,1.97
